SUMLEV,REGION,DIVISION,STATE,NAME,CENSUS2010POP,ESTIMATESBASE2010,POPESTIMATE2010,POPESTIMATE2011,POPESTIMATE2012,POPESTIMATE2013,POPESTIMATE2014,POPESTIMATE2015,POPESTIMATE2016,POPESTIMATE2017,POPESTIMATE2018,POPESTIMATE2019,POPESTIMATE042020,POPESTIMATE2020
10,0,0,0,United States,308745538,308758105,309327143,311583481,313877662,316059947,318386329,320738994,323071755,325122128,326838199,328329953,329398742,329484123
20,1,0,0,Northeast Region,55317240,55318414,55380764,55608318,55782661,55912775,56021339,56052790,56063777,56083383,56084543,56002934,55924275,55849869
20,2,0,0,Midwest Region,66927001,66929737,66975328,67164092,67348275,67576524,67765576,67885682,68018175,68160342,68263019,68340091,68357895,68316744
20,3,0,0,South Region,114555744,114563042,114869421,116019483,117264196,118397213,119666248,121049223,122419547,123611036,124649156,125686544,126494232,126662754
20,4,0,0,West Region,71945553,71946912,72101630,72791588,73482530,74173435,74933166,75751299,76570256,77267367,77841481,78300384,78622340,78654756
40,3,6,1,Alabama,4779736,4780118,4785514,4799642,4816632,4831586,4843737,4854803,4866824,4877989,4891628,4907965,4920706,4921532
40,4,9,2,Alaska,710231,710246,713982,722349,730810,737626,737075,738430,742575,740983,736624,733603,732074,731158
40,4,8,4,Arizona,6392017,6392292,6407342,6473416,6556344,6634690,6732873,6832810,6944767,7048088,7164228,7291843,7393900,7421401
40,3,7,5,Arkansas,2915918,2916029,2921998,2941038,2952876,2960459,2968759,2979732,2991815,3003855,3012161,3020985,3029672,3030522
40,4,9,6,California,37253956,37254522,37319550,37636311,37944551,38253768,38586706,38904296,39149186,39337785,39437463,39437610,39418894,39368078
40,4,8,8,Colorado,5029196,5029319,5047539,5121900,5193660,5270774,5352637,5454328,5543844,5617421,5697155,5758486,5798266,5807719
40,1,1,9,Connecticut,3574097,3574151,3579173,3588632,3595211,3595792,3595697,3588561,3579830,3575324,3574561,3566022,3561494,3557006
40,3,5,10,Delaware,897934,897947,899647,907590,915518,924062,933131,942065,949989,957942,966985,976668,984899,986809
40,3,5,11,District of Columbia,601723,601767,605282,620290,635737,651559,663603,677014,687576,697079,704147,708253,712185,712816
40,3,5,12,Florida,18801310,18804589,18846143,19055607,19302016,19551678,19853880,20219111,20627237,20977089,21254926,21492056,21688239,21733312
40,3,5,13,Georgia,9687653,9688737,9712209,9803630,9903580,9975592,10071204,10183353,10308442,10417031,10519389,10628020,10695662,10710017
40,4,9,15,Hawaii,1360301,1360304,1364004,1379562,1395199,1408822,1415335,1422999,1428885,1425763,1423102,1415615,1410587,1407006
40,4,8,16,Idaho,1567582,1567658,1570819,1584272,1595910,1612053,1632248,1652495,1684036,1719745,1752074,1789060,1818238,1826913
40,2,3,17,Illinois,12830632,12831572,12840545,12867783,12883029,12895778,12885092,12859585,12821709,12779893,12724685,12667017,12615162,12587530
40,2,3,18,Indiana,6483802,6484050,6490555,6517250,6538989,6570575,6596019,6611442,6637898,6662068,6698481,6731010,6752183,6754953
40,2,4,19,Iowa,3046355,3046877,3050819,3066772,3076844,3093935,3110643,3122541,3133210,3143734,3149900,3159596,3164115,3163561
40,2,4,20,Kansas,2853118,2853120,2858266,2869677,2886024,2894306,2901861,2910717,2912977,2910892,2912748,2912635,2915024,2913805
40,3,6,21,Kentucky,4339367,4339330,4348464,4370817,4387865,4406906,4416992,4429126,4440306,4455590,4464273,4472345,4477899,4477251
40,3,7,22,Louisiana,4533372,4533500,4544635,4576244,4602067,4626040,4645938,4666998,4681346,4673673,4664450,4658285,4650984,4645318
40,1,1,23,Maine,1328361,1328354,1327651,1328473,1328094,1328543,1331217,1329098,1332348,1335743,1340123,1345770,1349647,1350141
40,3,5,24,Maryland,5773552,5773787,5788784,5840241,5888375,5925197,5960064,5988528,6007014,6028186,6042153,6054954,6059529,6055802
40,1,1,25,Massachusetts,6547629,6547788,6566440,6614218,6664269,6715158,6764864,6797484,6827280,6863560,6885720,6894883,6898116,6893574
40,2,3,26,Michigan,9883640,9884112,9877597,9883053,9898289,9914802,9932033,9934483,9954117,9976752,9987286,9984795,9976330,9966555
40,2,4,27,Minnesota,5303925,5303933,5310934,5346620,5377500,5414722,5452665,5484002,5525360,5569283,5608762,5640053,5655855,5657342
40,3,6,28,Mississippi,2967297,2968129,2970615,2979147,2984599,2989839,2991892,2990231,2990595,2990674,2982879,2978227,2971253,2966786
40,2,4,29,Missouri,5988927,5988941,5996089,6011182,6026027,6042989,6059130,6075411,6091384,6111382,6125986,6140475,6151737,6151548
40,4,8,30,Montana,989415,989400,990730,997518,1004168,1014158,1022657,1031495,1042137,1053862,1061818,1070123,1078405,1080577
40,2,4,31,Nebraska,1826341,1826311,1829591,1840914,1853691,1865813,1879955,1892059,1906483,1916998,1925512,1932571,1937258,1937552
40,4,8,32,Nevada,2700551,2700683,2702483,2713114,2744670,2776956,2818935,2868531,2919555,2972097,3030725,3090771,3128500,3138259
40,1,1,33,New Hampshire,1316470,1316457,1316807,1320444,1324677,1327272,1334257,1337480,1343694,1350395,1355064,1360783,1365533,1366275
40,1,2,34,New Jersey,8791894,8791959,8799451,8828552,8845671,8857821,8867277,8870312,8873584,8888147,8891730,8891258,8890883,8882371
40,4,8,35,New Mexico,2059179,2059199,2064614,2080707,2087715,2092833,2090236,2090071,2092555,2092844,2093754,2099634,2106117,2106319
40,1,2,36,New York,19378102,19378117,19399956,19499921,19574362,19626488,19653431,19657321,19636391,19593849,19544098,19463131,19382373,19336776
40,3,5,37,North Carolina,9535483,9535762,9574586,9658913,9751810,9846717,9937295,10037218,10161802,10275758,10391358,10501384,10581885,10600823
40,2,4,38,North Dakota,672591,672575,674752,685526,702227,723149,738736,755537,756114,756755,760062,763724,765224,765309
40,2,3,39,Ohio,11536504,11536763,11539449,11545735,11550971,11579692,11606573,11622315,11640060,11665706,11680892,11696507,11699855,11693217
40,3,7,40,Oklahoma,3751351,3751582,3760014,3788824,3819320,3853891,3879187,3910518,3928143,3933602,3943488,3960676,3977682,3980783
40,4,9,41,Oregon,3831074,3831083,3837614,3872672,3900102,3924110,3965447,4018542,4093271,4147294,4183538,4216116,4237408,4241507
40,1,2,42,Pennsylvania,12702379,12702891,12711406,12747052,12769123,12779538,12792392,12789838,12788468,12794679,12809107,12798883,12794404,12783254
40,1,1,44,Rhode Island,1052567,1052970,1053994,1053829,1054893,1055560,1056511,1056886,1057816,1056554,1059338,1058158,1058004,1057125
40,3,5,45,South Carolina,4625364,4625358,4635846,4672655,4719027,4766469,4826858,4896006,4963031,5027102,5091702,5157702,5205864,5218040
40,2,4,46,South Dakota,814180,814198,816193,823740,833859,842751,849670,854663,863693,873732,879386,887127,891688,892717
40,3,6,47,Tennessee,6346105,6346281,6355518,6400298,6455752,6496943,6544617,6595354,6651277,6714748,6778180,6830325,6875939,6886834
40,3,7,48,Texas,25145561,25146072,25241897,25645504,26084120,26479646,26963092,27468531,27914064,28291024,28624564,28986794,29286467,29360759
40,4,8,49,Utah,2763885,2763891,2775413,2814797,2854146,2898773,2938327,2983626,3044241,3103540,3155153,3203383,3239542,3249879
40,1,1,50,Vermont,625741,625727,625886,627197,626361,626603,625693,625810,624366,625132,624802,624046,623821,623347
40,3,5,51,Virginia,8001024,8001046,8024004,8102437,8187456,8255861,8315430,8367303,8417651,8471011,8510920,8556642,8587217,8590563
40,4,9,53,Washington,6724540,6724540,6743009,6827479,6898599,6966252,7057531,7167287,7299961,7427951,7526793,7614024,7678379,7693612
40,3,5,54,West Virginia,1852994,1853008,1854265,1856606,1857446,1854768,1850569,1843332,1832435,1818683,1805953,1795263,1788150,1784787
40,2,3,55,Wisconsin,5686986,5687285,5690538,5705840,5720825,5738012,5753199,5762927,5775170,5793147,5809319,5824581,5833464,5832655
40,4,8,56,Wyoming,563626,563775,564531,567491,576656,582620,583159,586389,585243,579994,579054,580116,582030,582328
40,X,X,72,Puerto Rico,3725789,3726157,3721525,3678732,3634488,3593077,3534874,3473232,3406672,3325284,3193344,3193553,3167851,3159343
